Tree,Acc_Temp,Leaf_Temp,Nitrogen,CO2,Photo,Cond,Total_mg,N_mg,C_mg,N_Percent,C_Percent,CN,LMA,SLA
tree15,6,2,HN,2000,0.769441173,0.042829034,1.549,0.039,0.728,2.53,46.97,18.66666667,4.0558378,0.246558183
tree15,6,6,HN,2000,1.544957052,0.044179481,1.549,0.039,0.728,2.53,46.97,18.66666667,4.0558378,0.246558183
tree15,6,10,HN,2000,1.625605947,0.044207079,1.549,0.039,0.728,2.53,46.97,18.66666667,4.0558378,0.246558183
tree15,6,18,HN,2000,2.306532664,0.044310826,1.549,0.039,0.728,2.53,46.97,18.66666667,4.0558378,0.246558183
tree15,6,14,HN,2000,1.711486037,0.045435618,1.549,0.039,0.728,2.53,46.97,18.66666667,4.0558378,0.246558183
tree15,6,6,HN,400,0.147470515,0.043443275,1.549,0.039,0.728,2.53,46.97,18.66666667,4.0558378,0.246558183
tree15,6,10,HN,400,0.06065022,0.04402146,1.549,0.039,0.728,2.53,46.97,18.66666667,4.0558378,0.246558183
tree15,6,18,HN,400,-0.027744765,0.044695686,1.549,0.039,0.728,2.53,46.97,18.66666667,4.0558378,0.246558183
tree15,6,14,HN,400,0.30942839,0.044797909,1.549,0.039,0.728,2.53,46.97,18.66666667,4.0558378,0.246558183
tree15,6,2,HN,400,-0.079919865,0.045066073,1.549,0.039,0.728,2.53,46.97,18.66666667,4.0558378,0.246558183
tree16,6,6,LN,2000,4.65307414,0.049059822,2.43,0.059,1.142,2.44,46.99,19.3559322,5.917436987,0.168992083
tree16,6,10,LN,2000,7.052416807,0.050393353,2.43,0.059,1.142,2.44,46.99,19.3559322,5.917436987,0.168992083
tree16,6,2,LN,2000,3.323269777,0.052202095,2.43,0.059,1.142,2.44,46.99,19.3559322,5.917436987,0.168992083
tree16,6,14,LN,2000,9.547144458,0.05228689,2.43,0.059,1.142,2.44,46.99,19.3559322,5.917436987,0.168992083
tree16,6,18,LN,2000,12.03470941,0.055114799,2.43,0.059,1.142,2.44,46.99,19.3559322,5.917436987,0.168992083
tree16,6,6,LN,400,2.981836825,0.042608112,2.43,0.059,1.142,2.44,46.99,19.3559322,5.917436987,0.168992083
tree16,6,10,LN,400,3.827617839,0.048652726,2.43,0.059,1.142,2.44,46.99,19.3559322,5.917436987,0.168992083
tree16,6,14,LN,400,4.715378766,0.051151909,2.43,0.059,1.142,2.44,46.99,19.3559322,5.917436987,0.168992083
tree16,6,2,LN,400,1.715135509,0.05715799,2.43,0.059,1.142,2.44,46.99,19.3559322,5.917436987,0.168992083
tree16,6,18,LN,400,5.69954288,0.06198902,2.43,0.059,1.142,2.44,46.99,19.3559322,5.917436987,0.168992083
tree17,6,2,HN,2000,3.874781873,0.028542032,2.382,0.063,1.157,2.62,48.59,18.36507937,5.652985693,0.17689767
tree17,6,18,HN,2000,14.92994502,0.028822846,2.382,0.063,1.157,2.62,48.59,18.36507937,5.652985693,0.17689767
tree17,6,6,HN,2000,6.209992386,0.029915871,2.382,0.063,1.157,2.62,48.59,18.36507937,5.652985693,0.17689767
tree17,6,14,HN,2000,11.76919977,0.030403991,2.382,0.063,1.157,2.62,48.59,18.36507937,5.652985693,0.17689767
tree17,6,10,HN,2000,8.963713633,0.030739753,2.382,0.063,1.157,2.62,48.59,18.36507937,5.652985693,0.17689767
tree17,6,18,HN,400,4.465575915,0.027391507,2.382,0.063,1.157,2.62,48.59,18.36507937,5.652985693,0.17689767
tree17,6,14,HN,400,4.030840627,0.030178246,2.382,0.063,1.157,2.62,48.59,18.36507937,5.652985693,0.17689767
tree17,6,2,HN,400,2.023152725,0.030715471,2.382,0.063,1.157,2.62,48.59,18.36507937,5.652985693,0.17689767
tree17,6,6,HN,400,2.652523173,0.031095681,2.382,0.063,1.157,2.62,48.59,18.36507937,5.652985693,0.17689767
tree17,6,10,HN,400,3.583782933,0.031266445,2.382,0.063,1.157,2.62,48.59,18.36507937,5.652985693,0.17689767
tree18,6,18,LN,2000,10.98493312,0.010308819,2.503,0.051,1.213,2.05,48.47,23.78431373,6.225828825,0.160621184
tree18,6,14,LN,2000,9.38824116,0.012433869,2.503,0.051,1.213,2.05,48.47,23.78431373,6.225828825,0.160621184
tree18,6,10,LN,2000,7.852934616,0.012713323,2.503,0.051,1.213,2.05,48.47,23.78431373,6.225828825,0.160621184
tree18,6,2,LN,2000,3.987046466,0.013389751,2.503,0.051,1.213,2.05,48.47,23.78431373,6.225828825,0.160621184
tree18,6,6,LN,2000,5.307565359,0.014278674,2.503,0.051,1.213,2.05,48.47,23.78431373,6.225828825,0.160621184
tree18,6,18,LN,400,1.103296077,0.006124698,2.503,0.051,1.213,2.05,48.47,23.78431373,6.225828825,0.160621184
tree18,6,14,LN,400,1.300775961,0.012766732,2.503,0.051,1.213,2.05,48.47,23.78431373,6.225828825,0.160621184
tree18,6,10,LN,400,1.173654976,0.012831493,2.503,0.051,1.213,2.05,48.47,23.78431373,6.225828825,0.160621184
tree18,6,6,LN,400,0.72891484,0.01334038,2.503,0.051,1.213,2.05,48.47,23.78431373,6.225828825,0.160621184
tree18,6,2,LN,400,0.947700202,0.015635902,2.503,0.051,1.213,2.05,48.47,23.78431373,6.225828825,0.160621184
tree19,6,18,HN,2000,11.43149426,0.028957234,1.961,0.049,0.937,2.5,47.77,19.12244898,5.59490525,0.178734037
tree19,6,2,HN,2000,2.889061575,0.038262682,1.961,0.049,0.937,2.5,47.77,19.12244898,5.59490525,0.178734037
tree19,6,14,HN,2000,9.47325691,0.03836012,1.961,0.049,0.937,2.5,47.77,19.12244898,5.59490525,0.178734037
tree19,6,6,HN,2000,4.58041134,0.039240459,1.961,0.049,0.937,2.5,47.77,19.12244898,5.59490525,0.178734037
tree19,6,10,HN,2000,6.698600553,0.04041819,1.961,0.049,0.937,2.5,47.77,19.12244898,5.59490525,0.178734037
tree19,6,18,HN,400,3.067140572,0.020800517,1.961,0.049,0.937,2.5,47.77,19.12244898,5.59490525,0.178734037
tree19,6,14,HN,400,3.619223585,0.03557831,1.961,0.049,0.937,2.5,47.77,19.12244898,5.59490525,0.178734037
tree19,6,10,HN,400,3.156478798,0.039327596,1.961,0.049,0.937,2.5,47.77,19.12244898,5.59490525,0.178734037
tree19,6,6,HN,400,2.401689734,0.040132835,1.961,0.049,0.937,2.5,47.77,19.12244898,5.59490525,0.178734037
tree19,6,2,HN,400,24.23465841,0.071410238,1.961,0.049,0.937,2.5,47.77,19.12244898,5.59490525,0.178734037
tree20,6,18,LN,2000,12.77216285,0.055342041,1.595,0.026,0.743,1.62,46.6,28.57692308,6.410252341,0.156000099
tree20,6,2,LN,2000,3.208274007,0.056067198,1.595,0.026,0.743,1.62,46.6,28.57692308,6.410252341,0.156000099
tree20,6,6,LN,2000,4.524014994,0.056607499,1.595,0.026,0.743,1.62,46.6,28.57692308,6.410252341,0.156000099
tree20,6,10,LN,2000,7.200737611,0.057681243,1.595,0.026,0.743,1.62,46.6,28.57692308,6.410252341,0.156000099
tree20,6,14,LN,2000,10.10479838,0.057710483,1.595,0.026,0.743,1.62,46.6,28.57692308,6.410252341,0.156000099
tree20,6,2,LN,400,1.554291571,0.057184028,1.595,0.026,0.743,1.62,46.6,28.57692308,6.410252341,0.156000099
tree20,6,14,LN,400,4.870701846,0.057416474,1.595,0.026,0.743,1.62,46.6,28.57692308,6.410252341,0.156000099
tree20,6,6,LN,400,2.238211304,0.057447666,1.595,0.026,0.743,1.62,46.6,28.57692308,6.410252341,0.156000099
tree20,6,10,LN,400,3.880408363,0.05818161,1.595,0.026,0.743,1.62,46.6,28.57692308,6.410252341,0.156000099
tree20,6,18,LN,400,5.414021987,0.059637679,1.595,0.026,0.743,1.62,46.6,28.57692308,6.410252341,0.156000099
tree21,6,18,HN,2000,12.92303191,0.031980507,2.058,0.046,0.993,2.22,48.24,21.58695652,6.227433582,0.160579794
tree21,6,14,HN,2000,10.76790272,0.034405025,2.058,0.046,0.993,2.22,48.24,21.58695652,6.227433582,0.160579794
tree21,6,10,HN,2000,7.886837917,0.035520215,2.058,0.046,0.993,2.22,48.24,21.58695652,6.227433582,0.160579794
tree21,6,6,HN,2000,5.019131245,0.035881639,2.058,0.046,0.993,2.22,48.24,21.58695652,6.227433582,0.160579794
tree21,6,2,HN,2000,3.024275478,0.036600977,2.058,0.046,0.993,2.22,48.24,21.58695652,6.227433582,0.160579794
tree21,6,14,HN,400,3.701705927,0.033035212,2.058,0.046,0.743,2.22,48.24,21.58695652,6.227433582,0.160579794
tree21,6,10,HN,400,3.426534326,0.035678718,2.058,0.046,0.743,2.22,48.24,21.58695652,6.227433582,0.160579794
tree21,6,6,HN,400,2.522100731,0.037037765,2.058,0.046,0.743,2.22,48.24,21.58695652,6.227433582,0.160579794
tree21,6,18,HN,400,4.374383101,0.037257268,2.058,0.046,0.743,2.22,48.24,21.58695652,6.227433582,0.160579794
tree21,6,2,HN,400,1.196782638,0.037796576,2.058,0.046,0.993,2.22,48.24,21.58695652,6.227433582,0.160579794
tree22,6,18,LN,2000,13.85404281,0.053622476,1.752,0.035,0.861,2,49.13,24.6,6.521477921,0.153339475
tree22,6,2,LN,2000,3.987787765,0.054726379,1.752,0.035,0.861,2,49.13,24.6,6.521477921,0.153339475
tree22,6,14,LN,2000,11.24416748,0.056334666,1.752,0.035,0.861,2,49.13,24.6,6.521477921,0.153339475
tree22,6,10,LN,2000,8.23206468,0.058372129,1.752,0.035,0.861,2,49.13,24.6,6.521477921,0.153339475
tree22,6,6,LN,2000,5.996828606,0.058408652,1.752,0.035,0.861,2,49.13,24.6,6.521477921,0.153339475
tree22,6,18,LN,400,5.254803133,0.053910764,1.752,0.035,0.743,2,49.13,24.6,6.521477921,0.153339475
tree22,6,14,LN,400,4.857546924,0.054552812,1.752,0.035,0.743,2,49.13,24.6,6.521477921,0.153339475
tree22,6,2,LN,400,1.909376424,0.056333652,1.752,0.035,0.861,2,49.13,24.6,6.521477921,0.153339475
tree22,6,10,LN,400,4.316967047,0.057444482,1.752,0.035,0.743,2,49.13,24.6,6.521477921,0.153339475
tree22,6,6,LN,400,3.295409412,0.057661165,1.752,0.035,0.743,2,49.13,24.6,6.521477921,0.153339475
tree23,6,18,HN,2000,14.27960372,0.027583903,2.335,0.051,1.14,2.17,48.82,22.35294118,7.988195278,0.125184721
tree23,6,2,HN,2000,4.444135696,0.032854938,2.335,0.051,1.14,2.17,48.82,22.35294118,7.988195278,0.125184721
tree23,6,6,HN,2000,6.32697327,0.033814339,2.335,0.051,1.14,2.17,48.82,22.35294118,7.988195278,0.125184721
tree23,6,14,HN,2000,11.78926739,0.034401196,2.335,0.051,1.14,2.17,48.82,22.35294118,7.988195278,0.125184721
tree23,6,10,HN,2000,9.188959583,0.034470586,2.335,0.051,1.14,2.17,48.82,22.35294118,7.988195278,0.125184721
tree23,6,18,HN,400,2.902069411,0.021352241,2.335,0.051,0.743,2.17,48.82,22.35294118,7.988195278,0.125184721
tree23,6,14,HN,400,3.70419379,0.033283347,2.335,0.051,0.743,2.17,48.82,22.35294118,7.988195278,0.125184721
tree23,6,6,HN,400,2.737781003,0.033880091,2.335,0.051,0.743,2.17,48.82,22.35294118,7.988195278,0.125184721
tree23,6,10,HN,400,3.436917109,0.034607387,2.335,0.051,0.743,2.17,48.82,22.35294118,7.988195278,0.125184721
tree23,6,2,HN,400,1.945331454,0.034951056,2.335,0.051,1.14,2.17,48.82,22.35294118,7.988195278,0.125184721
tree24,6,18,LN,2000,11.63575584,0.032647279,2.169,0.044,1.058,2.04,48.76,24.04545455,6.245276926,0.160121002
tree24,6,14,LN,2000,9.648062013,0.040263921,2.169,0.044,1.058,2.04,48.76,24.04545455,6.245276926,0.160121002
tree24,6,2,LN,2000,3.021443642,0.040523027,2.169,0.044,1.058,2.04,48.76,24.04545455,6.245276926,0.160121002
tree24,6,6,LN,2000,4.751363428,0.041103794,2.169,0.044,1.058,2.04,48.76,24.04545455,6.245276926,0.160121002
tree24,6,10,LN,2000,7.291071928,0.041577684,2.169,0.044,1.058,2.04,48.76,24.04545455,6.245276926,0.160121002
tree24,6,14,LN,400,3.977717839,0.038254822,2.169,0.044,0.743,2.04,48.76,24.04545455,6.245276926,0.160121002
tree24,6,18,LN,400,4.351226523,0.040049081,2.169,0.044,0.743,2.04,48.76,24.04545455,6.245276926,0.160121002
tree24,6,10,LN,400,3.56949238,0.041176035,2.169,0.044,0.743,2.04,48.76,24.04545455,6.245276926,0.160121002
tree24,6,6,LN,400,2.241837236,0.041852432,2.169,0.044,0.743,2.04,48.76,24.04545455,6.245276926,0.160121002
tree24,6,2,LN,400,1.655231886,0.04213082,2.169,0.044,1.058,2.04,48.76,24.04545455,6.245276926,0.160121002
tree25,6,18,HN,2000,3.683048124,0.04557631,1.259,0.035,0.581,2.77,46.16,16.6,4.287885897,0.233215161
tree25,6,10,HN,2000,2.081860721,0.047281942,1.259,0.035,0.581,2.77,46.16,16.6,4.287885897,0.233215161
tree25,6,2,HN,2000,1.332892221,0.047312682,1.259,0.035,0.581,2.77,46.16,16.6,4.287885897,0.233215161
tree25,6,6,HN,2000,1.569286791,0.047528747,1.259,0.035,0.581,2.77,46.16,16.6,4.287885897,0.233215161
tree25,6,14,HN,2000,2.682529375,0.048378177,1.259,0.035,0.581,2.77,46.16,16.6,4.287885897,0.233215161
tree25,6,14,HN,400,1.06171261,0.046418704,1.259,0.035,0.743,2.77,46.16,16.6,4.287885897,0.233215161
tree25,6,10,HN,400,0.722672419,0.047604947,1.259,0.035,0.743,2.77,46.16,16.6,4.287885897,0.233215161
tree25,6,6,HN,400,0.49524611,0.047847153,1.259,0.035,0.743,2.77,46.16,16.6,4.287885897,0.233215161
tree25,6,2,HN,400,0.181663598,0.048269486,1.259,0.035,0.581,2.77,46.16,16.6,4.287885897,0.233215161
tree25,6,18,HN,400,1.219774706,0.050169178,1.259,0.035,0.743,2.77,46.16,16.6,4.287885897,0.233215161
tree26,6,18,LN,2000,15.2396873,0.032286833,2.696,0.054,1.304,2,48.38,24.14814815,6.846117702,0.146068187
tree26,6,2,LN,2000,4.509317005,0.033165525,2.696,0.054,1.304,2,48.38,24.14814815,6.846117702,0.146068187
tree26,6,10,LN,2000,9.580075988,0.034244178,2.696,0.054,1.304,2,48.38,24.14814815,6.846117702,0.146068187
tree26,6,14,LN,2000,12.61912894,0.034565388,2.696,0.054,1.304,2,48.38,24.14814815,6.846117702,0.146068187
tree26,6,6,LN,2000,6.356189239,0.035545252,2.696,0.054,1.304,2,48.38,24.14814815,6.846117702,0.146068187
tree26,6,18,LN,400,4.096115601,0.024517433,2.696,0.054,0.743,2,48.38,24.14814815,6.846117702,0.146068187
tree26,6,14,LN,400,4.108540569,0.034156363,2.696,0.054,0.743,2,48.38,24.14814815,6.846117702,0.146068187
tree26,6,6,LN,400,3.21041389,0.034986458,2.696,0.054,0.743,2,48.38,24.14814815,6.846117702,0.146068187
tree26,6,10,LN,400,4.010839685,0.035212288,2.696,0.054,0.743,2,48.38,24.14814815,6.846117702,0.146068187
tree26,6,2,LN,400,2.164992463,0.035627271,2.696,0.054,1.304,2,48.38,24.14814815,6.846117702,0.146068187
tree27,6,18,HN,2000,10.61424867,0.015673534,3.024,0.057,1.47,1.88,48.61,25.78947368,6.486285015,0.154171455
tree27,6,6,HN,2000,4.460954697,0.018077492,3.024,0.057,1.47,1.88,48.61,25.78947368,6.486285015,0.154171455
tree27,6,2,HN,2000,3.280646381,0.018424168,3.024,0.057,1.47,1.88,48.61,25.78947368,6.486285015,0.154171455
tree27,6,10,HN,2000,7.119864546,0.018664342,3.024,0.057,1.47,1.88,48.61,25.78947368,6.486285015,0.154171455
tree27,6,14,HN,2000,8.50166734,0.018739965,3.024,0.057,1.47,1.88,48.61,25.78947368,6.486285015,0.154171455
tree27,6,18,HN,400,0.952743942,0.009439242,3.024,0.057,0.743,1.88,48.61,25.78947368,6.486285015,0.154171455
tree27,6,14,HN,400,1.611789708,0.018971715,3.024,0.057,0.743,1.88,48.61,25.78947368,6.486285015,0.154171455
tree27,6,6,HN,400,1.518467907,0.019187436,3.024,0.057,0.743,1.88,48.61,25.78947368,6.486285015,0.154171455
tree27,6,10,HN,400,1.871087818,0.020217483,3.024,0.057,0.743,1.88,48.61,25.78947368,6.486285015,0.154171455
tree27,6,2,HN,400,1.373634314,0.021419415,3.024,0.057,1.47,1.88,48.61,25.78947368,6.486285015,0.154171455
tree28,6,6,LN,2000,2.412417193,0.051759321,1.348,0.032,0.646,2.37,47.92,20.1875,5.937454608,0.16842234
tree28,6,2,LN,2000,2.422237962,0.051775037,1.348,0.032,0.646,2.37,47.92,20.1875,5.937454608,0.16842234
tree28,6,10,LN,2000,2.735357397,0.05483435,1.348,0.032,0.646,2.37,47.92,20.1875,5.937454608,0.16842234
tree28,6,14,LN,2000,3.794290468,0.058275581,1.348,0.032,0.646,2.37,47.92,20.1875,5.937454608,0.16842234
tree28,6,18,LN,2000,4.840221537,0.062453538,1.348,0.032,0.646,2.37,47.92,20.1875,5.937454608,0.16842234
tree28,6,6,LN,400,0.602013027,0.051762579,1.348,0.032,0.743,2.37,47.92,20.1875,5.937454608,0.16842234
tree28,6,2,LN,400,0.215206141,0.052630834,1.348,0.032,0.646,2.37,47.92,20.1875,5.937454608,0.16842234
tree28,6,10,LN,400,1.514282319,0.055681218,1.348,0.032,0.743,2.37,47.92,20.1875,5.937454608,0.16842234
tree28,6,14,LN,400,1.60515819,0.057802674,1.348,0.032,0.743,2.37,47.92,20.1875,5.937454608,0.16842234
tree28,6,18,LN,400,2.198492596,0.066243458,1.348,0.032,0.743,2.37,47.92,20.1875,5.937454608,0.16842234
tree29,10,18,HN,2000,16.76764211,0.041804818,1.714,0.04,0.838,2.35,48.88,20.95,6.803716941,0.146978484
tree29,10,14,HN,2000,14.11805824,0.045390638,1.714,0.04,0.838,2.35,48.88,20.95,6.803716941,0.146978484
tree29,10,10,HN,2000,10.47998933,0.045554611,1.714,0.04,0.838,2.35,48.88,20.95,6.803716941,0.146978484
tree29,10,2,HN,2000,5.640676741,0.04622091,1.714,0.04,0.838,2.35,48.88,20.95,6.803716941,0.146978484
tree29,10,6,HN,2000,7.447112353,0.047174488,1.714,0.04,0.838,2.35,48.88,20.95,6.803716941,0.146978484
tree29,10,18,HN,400,6.125287392,0.036412962,1.714,0.04,0.743,2.35,48.88,20.95,6.803716941,0.146978484
tree29,10,14,HN,400,5.61672957,0.045179353,1.714,0.04,0.743,2.35,48.88,20.95,6.803716941,0.146978484
tree29,10,10,HN,400,5.287507568,0.045831184,1.714,0.04,0.743,2.35,48.88,20.95,6.803716941,0.146978484
tree29,10,6,HN,400,4.317776998,0.047110474,1.714,0.04,0.743,2.35,48.88,20.95,6.803716941,0.146978484
tree29,10,2,HN,400,2.90172779,0.047990556,1.714,0.04,0.838,2.35,48.88,20.95,6.803716941,0.146978484
tree30,10,2,LN,2000,3.495348192,0.044348501,1.546,0.024,0.749,1.53,48.42,31.20833333,7.731580331,0.129339664
tree30,10,6,LN,2000,6.386043739,0.044823794,1.546,0.024,0.749,1.53,48.42,31.20833333,7.731580331,0.129339664
tree30,10,10,LN,2000,8.773974074,0.047067179,1.546,0.024,0.749,1.53,48.42,31.20833333,7.731580331,0.129339664
tree30,10,14,LN,2000,12.6850086,0.050939784,1.546,0.024,0.749,1.53,48.42,31.20833333,7.731580331,0.129339664
tree30,10,18,LN,2000,16.58942742,0.054451482,1.546,0.024,0.749,1.53,48.42,31.20833333,7.731580331,0.129339664
tree30,10,6,LN,400,2.552811979,0.045063083,1.546,0.024,0.743,1.53,48.42,31.20833333,7.731580331,0.129339664
tree30,10,2,LN,400,1.57385008,0.046081757,1.546,0.024,0.749,1.53,48.42,31.20833333,7.731580331,0.129339664
tree30,10,10,LN,400,4.844143113,0.047650446,1.546,0.024,0.743,1.53,48.42,31.20833333,7.731580331,0.129339664
tree30,10,14,LN,400,5.657852077,0.052226147,1.546,0.024,0.743,1.53,48.42,31.20833333,7.731580331,0.129339664
tree30,10,18,LN,400,6.57992429,0.055173837,1.546,0.024,0.743,1.53,48.42,31.20833333,7.731580331,0.129339664
tree31,10,18,HN,2000,15.58541978,0.049356475,1.894,0.033,0.912,1.73,48.18,27.63636364,7.598520163,0.131604573
tree31,10,14,HN,2000,12.03373171,0.052900566,1.894,0.033,0.912,1.73,48.18,27.63636364,7.598520163,0.131604573
tree31,10,6,HN,2000,5.762197445,0.053295769,1.894,0.033,0.912,1.73,48.18,27.63636364,7.598520163,0.131604573
tree31,10,2,HN,2000,4.114677536,0.053728255,1.894,0.033,0.912,1.73,48.18,27.63636364,7.598520163,0.131604573
tree31,10,10,HN,2000,8.270537302,0.053781058,1.894,0.033,0.912,1.73,48.18,27.63636364,7.598520163,0.131604573
tree31,10,14,HN,400,5.863010567,0.04817395,1.894,0.033,0.743,1.73,48.18,27.63636364,7.598520163,0.131604573
tree31,10,6,HN,400,3.358214687,0.04866125,1.894,0.033,0.743,1.73,48.18,27.63636364,7.598520163,0.131604573
tree31,10,10,HN,400,5.004203301,0.051002735,1.894,0.033,0.743,1.73,48.18,27.63636364,7.598520163,0.131604573
tree31,10,2,HN,400,2.203579442,0.055743954,1.894,0.033,0.912,1.73,48.18,27.63636364,7.598520163,0.131604573
tree31,10,18,HN,400,7.028706265,0.066356582,1.894,0.033,0.743,1.73,48.18,27.63636364,7.598520163,0.131604573
tree33,10,18,HN,2000,13.0569643,0.04531518,1.308,0.028,0.63,2.17,48.13,22.5,6.800193424,0.147054641
tree33,10,14,HN,2000,10.42726738,0.051669209,1.308,0.028,0.63,2.17,48.13,22.5,6.800193424,0.147054641
tree33,10,10,HN,2000,7.942797311,0.053390048,1.308,0.028,0.63,2.17,48.13,22.5,6.800193424,0.147054641
tree33,10,2,HN,2000,4.142725428,0.055204323,1.308,0.028,0.63,2.17,48.13,22.5,6.800193424,0.147054641
tree33,10,6,HN,2000,6.086244699,0.056102622,1.308,0.028,0.63,2.17,48.13,22.5,6.800193424,0.147054641
tree33,10,18,HN,400,5.359965937,0.039616892,1.308,0.028,0.743,2.17,48.13,22.5,6.800193424,0.147054641
tree33,10,14,HN,400,5.026546365,0.050207225,1.308,0.028,0.743,2.17,48.13,22.5,6.800193424,0.147054641
tree33,10,10,HN,400,3.903064757,0.053700497,1.308,0.028,0.743,2.17,48.13,22.5,6.800193424,0.147054641
tree33,10,6,HN,400,2.677577402,0.054979494,1.308,0.028,0.743,2.17,48.13,22.5,6.800193424,0.147054641
tree33,10,2,HN,400,1.825947943,0.057331775,1.308,0.028,0.63,2.17,48.13,22.5,6.800193424,0.147054641
tree34,10,14,LN,2000,12.23415644,0.062133424,1.862,0.032,0.885,1.7,47.51,27.65625,6.754015313,0.148060073
tree34,10,6,LN,2000,6.009124972,0.062819394,1.862,0.032,0.885,1.7,47.51,27.65625,6.754015313,0.148060073
tree34,10,10,LN,2000,8.681108073,0.062840504,1.862,0.032,0.885,1.7,47.51,27.65625,6.754015313,0.148060073
tree34,10,2,LN,2000,3.852083925,0.063164559,1.862,0.032,0.885,1.7,47.51,27.65625,6.754015313,0.148060073
tree34,10,18,LN,2000,15.61694037,0.075716538,1.862,0.032,0.885,1.7,47.51,27.65625,6.754015313,0.148060073
tree34,10,14,LN,400,6.309491552,0.061572395,1.862,0.032,0.743,1.7,47.51,27.65625,6.754015313,0.148060073
tree34,10,6,LN,400,3.428005126,0.061888945,1.862,0.032,0.743,1.7,47.51,27.65625,6.754015313,0.148060073
tree34,10,10,LN,400,4.987168814,0.061974847,1.862,0.032,0.743,1.7,47.51,27.65625,6.754015313,0.148060073
tree34,10,2,LN,400,2.070592477,0.063037192,1.862,0.032,0.885,1.7,47.51,27.65625,6.754015313,0.148060073
tree34,10,18,LN,400,8.622998264,0.114528882,1.862,0.032,0.743,1.7,47.51,27.65625,6.754015313,0.148060073
tree35,10,6,HN,2000,4.020144513,0.05431576,1.336,0.027,0.636,1.99,47.62,23.55555556,6.622241177,0.151006279
tree35,10,2,HN,2000,3.0631641,0.054418709,1.336,0.027,0.636,1.99,47.62,23.55555556,6.622241177,0.151006279
tree35,10,10,HN,2000,5.627585954,0.055059022,1.336,0.027,0.636,1.99,47.62,23.55555556,6.622241177,0.151006279
tree35,10,14,HN,2000,7.417638101,0.056321922,1.336,0.027,0.636,1.99,47.62,23.55555556,6.622241177,0.151006279
tree35,10,18,HN,2000,9.751823831,0.063724232,1.336,0.027,0.636,1.99,47.62,23.55555556,6.622241177,0.151006279
tree35,10,6,HN,400,1.558658194,0.054651108,1.336,0.027,0.743,1.99,47.62,23.55555556,6.622241177,0.151006279
tree35,10,2,HN,400,1.062438995,0.055272025,1.336,0.027,0.636,1.99,47.62,23.55555556,6.622241177,0.151006279
tree35,10,10,HN,400,2.834341176,0.055414797,1.336,0.027,0.743,1.99,47.62,23.55555556,6.622241177,0.151006279
tree35,10,14,HN,400,3.730709426,0.055941038,1.336,0.027,0.743,1.99,47.62,23.55555556,6.622241177,0.151006279
tree35,10,18,HN,400,4.823327923,0.088982249,1.336,0.027,0.743,1.99,47.62,23.55555556,6.622241177,0.151006279
tree36,10,14,LN,2000,8.178826215,0.085801528,1.597,0.035,0.762,2.19,47.7,21.77142857,6.139080301,0.162890849
tree36,10,10,LN,2000,6.212379089,0.086035252,1.597,0.035,0.762,2.19,47.7,21.77142857,6.139080301,0.162890849
tree36,10,2,LN,2000,3.114727483,0.087233673,1.597,0.035,0.762,2.19,47.7,21.77142857,6.139080301,0.162890849
tree36,10,6,LN,2000,4.613631044,0.087784413,1.597,0.035,0.762,2.19,47.7,21.77142857,6.139080301,0.162890849
tree36,10,18,LN,2000,10.12500808,0.088314659,1.597,0.035,0.762,2.19,47.7,21.77142857,6.139080301,0.162890849
tree36,10,14,LN,400,4.68254782,0.083938242,1.597,0.035,0.743,2.19,47.7,21.77142857,6.139080301,0.162890849
tree36,10,10,LN,400,3.819824516,0.085056288,1.597,0.035,0.743,2.19,47.7,21.77142857,6.139080301,0.162890849
tree36,10,6,LN,400,2.484700854,0.08649995,1.597,0.035,0.743,2.19,47.7,21.77142857,6.139080301,0.162890849
tree36,10,2,LN,400,1.628938223,0.089345519,1.597,0.035,0.762,2.19,47.7,21.77142857,6.139080301,0.162890849
tree36,10,18,LN,400,5.379551903,0.091204668,1.597,0.035,0.743,2.19,47.7,21.77142857,6.139080301,0.162890849
tree37,10,2,HN,2000,3.750856668,0.058257564,1.636,0.03,0.788,1.81,48.16,26.26666667,7.49779374,0.133372567
tree37,10,6,HN,2000,5.07155361,0.06121846,1.636,0.03,0.788,1.81,48.16,26.26666667,7.49779374,0.133372567
tree37,10,10,HN,2000,8.825081132,0.078219342,1.636,0.03,0.788,1.81,48.16,26.26666667,7.49779374,0.133372567
tree37,10,14,HN,2000,12.37190938,0.086488804,1.636,0.03,0.788,1.81,48.16,26.26666667,7.49779374,0.133372567
tree37,10,18,HN,2000,15.70108301,0.088571641,1.636,0.03,0.788,1.81,48.16,26.26666667,7.49779374,0.133372567
tree37,10,2,HN,400,1.559398094,0.059278972,1.636,0.03,0.788,1.81,48.16,26.26666667,7.49779374,0.133372567
tree37,10,6,HN,400,3.155507384,0.0642124,1.636,0.03,0.743,1.81,48.16,26.26666667,7.49779374,0.133372567
tree37,10,10,HN,400,5.008593544,0.081749545,1.636,0.03,0.743,1.81,48.16,26.26666667,7.49779374,0.133372567
tree37,10,14,HN,400,6.549434103,0.085271921,1.636,0.03,0.743,1.81,48.16,26.26666667,7.49779374,0.133372567
tree37,10,18,HN,400,7.671449563,0.09219411,1.636,0.03,0.743,1.81,48.16,26.26666667,7.49779374,0.133372567
tree38,10,6,LN,2000,6.105654519,0.04680604,1.459,0.021,0.699,1.47,47.92,33.28571429,7.208400646,0.138727028
tree38,10,2,LN,2000,3.884713864,0.046942907,1.459,0.021,0.699,1.47,47.92,33.28571429,7.208400646,0.138727028
tree38,10,10,LN,2000,9.161588187,0.048355464,1.459,0.021,0.699,1.47,47.92,33.28571429,7.208400646,0.138727028
tree38,10,14,LN,2000,12.25826173,0.050245485,1.459,0.021,0.699,1.47,47.92,33.28571429,7.208400646,0.138727028
tree38,10,18,LN,2000,16.30852547,0.055771807,1.459,0.021,0.699,1.47,47.92,33.28571429,7.208400646,0.138727028
tree38,10,6,LN,400,3.459134106,0.047153606,1.459,0.021,0.743,1.47,47.92,33.28571429,7.208400646,0.138727028
tree38,10,2,LN,400,2.336262432,0.047618668,1.459,0.021,0.699,1.47,47.92,33.28571429,7.208400646,0.138727028
tree38,10,10,LN,400,4.917316812,0.048432577,1.459,0.021,0.743,1.47,47.92,33.28571429,7.208400646,0.138727028
tree38,10,14,LN,400,5.495146209,0.049824854,1.459,0.021,0.743,1.47,47.92,33.28571429,7.208400646,0.138727028
tree38,10,18,LN,400,7.280377699,0.068451086,1.459,0.021,0.743,1.47,47.92,33.28571429,7.208400646,0.138727028
tree39,10,2,HN,2000,1.922199023,0.078316822,1.801,0.041,0.863,2.26,47.93,21.04878049,5.136089494,0.194700657
tree39,10,6,HN,2000,2.144685405,0.080017417,1.801,0.041,0.863,2.26,47.93,21.04878049,5.136089494,0.194700657
tree39,10,10,HN,2000,3.021205425,0.080180444,1.801,0.041,0.863,2.26,47.93,21.04878049,5.136089494,0.194700657
tree39,10,14,HN,2000,3.404581469,0.082940143,1.801,0.041,0.863,2.26,47.93,21.04878049,5.136089494,0.194700657
tree39,10,18,HN,2000,4.524123204,0.089903516,1.801,0.041,0.863,2.26,47.93,21.04878049,5.136089494,0.194700657
tree39,10,2,HN,400,0.728107297,0.079063321,1.801,0.041,0.863,2.26,47.93,21.04878049,5.136089494,0.194700657
tree39,10,6,HN,400,0.864680946,0.079595934,1.801,0.041,0.743,2.26,47.93,21.04878049,5.136089494,0.194700657
tree39,10,10,HN,400,1.319835164,0.080771069,1.801,0.041,0.743,2.26,47.93,21.04878049,5.136089494,0.194700657
tree39,10,14,HN,400,1.545064754,0.083002996,1.801,0.041,0.743,2.26,47.93,21.04878049,5.136089494,0.194700657
tree39,10,18,HN,400,2.12180828,0.099425046,1.801,0.041,0.743,2.26,47.93,21.04878049,5.136089494,0.194700657
tree40,10,2,LN,2000,3.610068361,0.073686271,1.892,0.024,0.896,1.25,47.36,37.33333333,8.105456069,0.123373687
tree40,10,10,LN,2000,8.909675058,0.076973381,1.892,0.024,0.896,1.25,47.36,37.33333333,8.105456069,0.123373687
tree40,10,6,LN,2000,5.952635196,0.077297743,1.892,0.024,0.896,1.25,47.36,37.33333333,8.105456069,0.123373687
tree40,10,14,LN,2000,11.89757733,0.079520612,1.892,0.024,0.896,1.25,47.36,37.33333333,8.105456069,0.123373687
tree40,10,18,LN,2000,14.74851355,0.081358836,1.892,0.024,0.896,1.25,47.36,37.33333333,8.105456069,0.123373687
tree40,10,2,LN,400,1.915030772,0.075186578,1.892,0.024,0.896,1.25,47.36,37.33333333,8.105456069,0.123373687
tree40,10,6,LN,400,3.144056939,0.077068909,1.892,0.024,0.743,1.25,47.36,37.33333333,8.105456069,0.123373687
tree40,10,10,LN,400,5.088134521,0.078071087,1.892,0.024,0.743,1.25,47.36,37.33333333,8.105456069,0.123373687
tree40,10,14,LN,400,6.217915808,0.079776011,1.892,0.024,0.743,1.25,47.36,37.33333333,8.105456069,0.123373687
tree40,10,18,LN,400,6.920023412,0.0799374,1.892,0.024,0.743,1.25,47.36,37.33333333,8.105456069,0.123373687
tree41,10,18,HN,2000,12.23985302,0.038826541,1.638,0.028,0.803,1.71,49.01,28.67857143,6.593484807,0.151664868
tree41,10,10,HN,2000,7.433583988,0.040958284,1.638,0.028,0.803,1.71,49.01,28.67857143,6.593484807,0.151664868
tree41,10,2,HN,2000,3.397736852,0.041101643,1.638,0.028,0.803,1.71,49.01,28.67857143,6.593484807,0.151664868
tree41,10,6,HN,2000,4.474553261,0.041109609,1.638,0.028,0.803,1.71,49.01,28.67857143,6.593484807,0.151664868
tree41,10,14,HN,2000,10.01670872,0.04119132,1.638,0.028,0.803,1.71,49.01,28.67857143,6.593484807,0.151664868
tree41,10,18,HN,400,4.349614671,0.034463079,1.638,0.028,0.743,1.71,49.01,28.67857143,6.593484807,0.151664868
tree41,10,10,HN,400,3.384482685,0.041531853,1.638,0.028,0.743,1.71,49.01,28.67857143,6.593484807,0.151664868
tree41,10,14,HN,400,4.25985853,0.041548413,1.638,0.028,0.743,1.71,49.01,28.67857143,6.593484807,0.151664868
tree41,10,2,HN,400,1.460973824,0.042044238,1.638,0.028,0.803,1.71,49.01,28.67857143,6.593484807,0.151664868
tree41,10,6,HN,400,2.142550945,0.042045313,1.638,0.028,0.743,1.71,49.01,28.67857143,6.593484807,0.151664868
tree42,10,18,LN,2000,12.1291895,0.038866074,1.404,0.018,0.683,1.26,48.66,37.94444444,8.119269244,0.123163793
tree42,10,6,LN,2000,3.912608,0.040357872,1.404,0.018,0.683,1.26,48.66,37.94444444,8.119269244,0.123163793
tree42,10,14,LN,2000,9.45718164,0.041966994,1.404,0.018,0.683,1.26,48.66,37.94444444,8.119269244,0.123163793
tree42,10,2,LN,2000,2.533882471,0.041977431,1.404,0.018,0.683,1.26,48.66,37.94444444,8.119269244,0.123163793
tree42,10,10,LN,2000,6.858445496,0.042685089,1.404,0.018,0.683,1.26,48.66,37.94444444,8.119269244,0.123163793
tree42,10,14,LN,400,3.971467072,0.041024694,1.404,0.018,0.743,1.26,48.66,37.94444444,8.119269244,0.123163793
tree42,10,10,LN,400,3.681083795,0.041960163,1.404,0.018,0.743,1.26,48.66,37.94444444,8.119269244,0.123163793
tree42,10,6,LN,400,2.527448272,0.042382338,1.404,0.018,0.743,1.26,48.66,37.94444444,8.119269244,0.123163793
tree42,10,2,LN,400,1.281898412,0.043032993,1.404,0.018,0.683,1.26,48.66,37.94444444,8.119269244,0.123163793
tree42,10,18,LN,400,5.760432624,0.06229848,1.404,0.018,0.743,1.26,48.66,37.94444444,8.119269244,0.123163793
